{"detikzify-1B-grpo": {"MeanTokenEfficiency": 0.8563585436603536, "CrystalBLEU": 0.02034473029389596, "TexEditDistance": 0.5831320285797119, "ImageSim (EMD)": 0.3692905424441167, "DreamSim": 0.6395114536199095, "KernelInceptionDistance": [0.0263671875, 0.01708984375]}}